"Id Student","Name","Email","Phone","Gender","Address","Avatar"
"TV00001","Lê Hữu Trang","sv001@student.edu.vn","0979732402","Male","Bình Dương","src/img/avatar/TV00001.png"
"TV00002","Vũ Thị Dương","sv002@student.edu.vn","0917411324","Female","Hà Nội","src/img/avatar/TV00051.png"
"TV00003","Trần Thị Nhung","sv003@student.edu.vn","0972430254","Female","Huế",""
"TV00004","Bùi Đức Lan","sv004@student.edu.vn","0963956563","Male","Bình Dương",""
"TV00005","Nguyễn Thị Hải","sv005@student.edu.vn","0916700216","Female","Thanh Hóa",""
"TV00006","Nguyễn Thị Bình","sv006@student.edu.vn","0998765325","Female","Bình Dương",""
"TV00007","Hoàng Thị Hà","sv007@student.edu.vn","0950610536","Female","Thanh Hóa",""
"TV00008","Hoàng Anh Mai","sv008@student.edu.vn","0989666487","Male","Hải Phòng",""
"TV00009","Đặng Thị Lan","sv009@student.edu.vn","0957198260","Female","Nghệ An",""
"TV00010","Lê Hữu Nga","sv010@student.edu.vn","0964371321","Male","Nghệ An",""
"TV00011","Nguyễn Thị Linh","sv011@student.edu.vn","0932514393","Female","Hải Phòng",""
"TV00012","Bùi Thị An","sv012@student.edu.vn","0961572196","Female","Lâm Đồng",""
"TV00013","Trần Thị Chi","sv013@student.edu.vn","0962927654","Female","Lâm Đồng",""
"TV00014","Vũ Văn Nhung","sv014@student.edu.vn","0996335200","Male","Bình Dương",""
"TV00015","Lê Thị Hương","sv015@student.edu.vn","0975081152","Female","Hải Phòng",""
"TV00016","Bùi Thị Trang","sv016@student.edu.vn","0911472120","Female","Huế",""
"TV00017","Phạm Thị Chi","sv017@student.edu.vn","0957741850","Female","Hà Nội",""
"TV00018","Trần Thị Dương","sv018@student.edu.vn","0965025963","Female","Lâm Đồng",""
"TV00019","Phạm Quốc Dương","sv019@student.edu.vn","0920024725","Male","Huế",""
"TV00020","Vũ Thị Vy","sv020@student.edu.vn","0989631585","Female","Huế",""
"TV00021","Bùi Đức Giang","sv021@student.edu.vn","0967422482","Male","Đà Nẵng",""
"TV00022","Trần Minh Hương","sv022@student.edu.vn","0994885719","Male","TP. Hồ Chí Minh",""
"TV00023","Phạm Thị Quỳnh","sv023@student.edu.vn","0971633410","Female","Hải Phòng",""
"TV00024","Phạm Thị Lan","sv024@student.edu.vn","0972302291","Female","Đà Nẵng",""
"TV00025","Bùi Thị Vy","sv025@student.edu.vn","0966723730","Female","Hà Nội",""
"TV00026","Vũ Văn Thảo","sv026@student.edu.vn","0963082482","Male","Nghệ An",""
"TV00027","Đỗ Thanh Mai","sv027@student.edu.vn","0957875430","Male","Hà Nội",""
"TV00028","Đặng Thị Lan","sv028@student.edu.vn","0957557022","Female","TP. Hồ Chí Minh",""
"TV00029","Đặng Thị Quỳnh","sv029@student.edu.vn","0951058209","Female","Thanh Hóa",""
"TV00030","Hoàng Thị Thúy","sv030@student.edu.vn","0984696681","Female","Thanh Hóa",""
"TV00031","Hoàng Anh Nga","sv031@student.edu.vn","0989198965","Male","Lâm Đồng",""
"TV00032","Lê Hữu Chi","sv032@student.edu.vn","0976096661","Male","Thanh Hóa",""
"TV00033","Vũ Văn Thảo","sv033@student.edu.vn","0960855081","Male","Hà Nội",""
"TV00034","Phạm Quốc Thảo","sv034@student.edu.vn","0916345923","Male","Bình Dương",""
"TV00035","Phạm Thị Khánh","sv035@student.edu.vn","0983327608","Female","TP. Hồ Chí Minh",""
"TV00036","Phạm Thị Quỳnh","sv036@student.edu.vn","0983484248","Female","Lâm Đồng",""
"TV00037","Phạm Thị Hà","sv037@student.edu.vn","0938174704","Female","Cần Thơ",""
"TV00038","Đỗ Thanh Nga","sv038@student.edu.vn","0960192830","Male","Huế",""
"TV00039","Vũ Văn Vy","sv039@student.edu.vn","0948641948","Male","Hà Nội",""
"TV00040","Vũ Thị Vy","sv040@student.edu.vn","0943224053","Female","Nghệ An",""
"TV00041","Trần Thị Hải","sv041@student.edu.vn","0914231278","Female","Huế",""
"TV00042","Lê Hữu Dung","sv042@student.edu.vn","0935633993","Male","Thanh Hóa",""
"TV00043","Nguyễn Thị Thảo","sv043@student.edu.vn","0982093266","Female","Huế",""
"TV00044","Đỗ Thanh Thúy","sv044@student.edu.vn","0950678094","Male","TP. Hồ Chí Minh",""
"TV00045","Phạm Quốc Hà","sv045@student.edu.vn","0948785655","Male","Thanh Hóa",""
"TV00046","Hoàng Anh Hải","sv046@student.edu.vn","0969490909","Male","Đà Nẵng",""
"TV00047","Nguyễn Thị Vy","sv047@student.edu.vn","0943567040","Female","Huế",""
"TV00048","Bùi Thị Thảo","sv048@student.edu.vn","0915330318","Female","Lâm Đồng",""
"TV00049","Nguyễn Thị Trang","sv049@student.edu.vn","0982815546","Female","Huế",""
"TV00050","Lê Thị Lan","sv050@student.edu.vn","0915757667","Female","Hà Nội",""
